date,region,carrier,shipments_processed,delay_hours_avg,fuel_price_usd_per_barrel,warehouse_utilization_percent,damage_claims_count
01-06-2024,North America,FastShip,1500,2.5,78.2,85,5
01-06-2024,Europe,GlobalConnect,1200,1.8,79.5,75,2
01-06-2024,Asia-Pacific,OceanExpress,2100,4.1,81.1,92,12
01-06-2024,North America,ReliableLogistics,900,1.2,78.2,60,1
02-06-2024,North America,FastShip,1450,2.8,78.5,86,6
02-06-2024,Europe,GlobalConnect,1250,1.5,79.8,74,3
02-06-2024,Asia-Pacific,OceanExpress,2200,4.5,81.4,93,15
02-06-2024,North America,ReliableLogistics,920,1.1,78.5,61,0
03-06-2024,North America,FastShip,1550,2.3,78.8,84,4
03-06-2024,Europe,GlobalConnect,1180,1.9,80.1,76,2
03-06-2024,Asia-Pacific,OceanExpress,2050,4,81.7,91,11
03-06-2024,North America,ReliableLogistics,880,1.3,78.8,59,2
04-06-2024,North America,FastShip,1600,2.1,79,83,3
04-06-2024,Europe,GlobalConnect,1300,1.7,80.3,73,1
04-06-2024,Asia-Pacific,OceanExpress,2300,4.8,82,94,18
04-06-2024,North America,ReliableLogistics,950,1,79,62,0
05-06-2024,North America,FastShip,1400,3,79.3,87,7
05-06-2024,Europe,GlobalConnect,1150,2,80.6,77,4
05-06-2024,Asia-Pacific,OceanExpress,2000,3.8,82.3,90,10
05-06-2024,North America,ReliableLogistics,850,1.4,79.3,58,3
06-06-2024,North America,FastShip,1520,2.7,79.6,85,5
06-06-2024,Europe,GlobalConnect,1220,1.6,80.9,75,2
06-06-2024,Asia-Pacific,OceanExpress,2150,4.3,82.6,92,14
06-06-2024,North America,ReliableLogistics,910,1.2,79.6,60,1
07-06-2024,North America,FastShip,1480,2.9,79.9,86,6
07-06-2024,Europe,GlobalConnect,1280,1.4,81.2,74,3
07-06-2024,Asia-Pacific,OceanExpress,2250,4.6,82.9,93,16
07-06-2024,North America,ReliableLogistics,930,1,79.9,61,0
08-06-2024,North America,FastShip,1580,2.2,80.1,84,4
08-06-2024,Europe,GlobalConnect,1190,1.8,81.5,76,2
08-06-2024,Asia-Pacific,OceanExpress,2080,4.2,83.2,91,13
08-06-2024,North America,ReliableLogistics,890,1.3,80.1,59,2
09-06-2024,North America,FastShip,1620,2,80.4,83,3
09-06-2024,Europe,GlobalConnect,1320,1.6,81.8,73,1
09-06-2024,Asia-Pacific,OceanExpress,2350,4.9,83.5,94,19
09-06-2024,North America,ReliableLogistics,960,0.9,80.4,62,0
10-06-2024,North America,FastShip,1420,3.1,80.7,87,7
10-06-2024,Europe,GlobalConnect,1170,2.1,82.1,77,4
10-06-2024,Asia-Pacific,OceanExpress,2020,3.9,83.8,90,11
10-06-2024,North America,ReliableLogistics,870,1.5,80.7,58,3
11-06-2024,North America,FastShip,1540,2.6,81,85,5
11-06-2024,Europe,GlobalConnect,1240,1.5,82.4,75,2
11-06-2024,Asia-Pacific,OceanExpress,2180,4.4,84.1,92,15
11-06-2024,North America,ReliableLogistics,920,1.1,81,60,1
12-06-2024,North America,FastShip,1490,2.9,81.3,86,6
12-06-2024,Europe,GlobalConnect,1290,1.4,82.7,74,3
12-06-2024,Asia-Pacific,OceanExpress,2280,4.7,84.4,93,17
12-06-2024,North America,ReliableLogistics,940,1,81.3,61,0
13-06-2024,North America,FastShip,1590,2.2,81.6,84,4
13-06-2024,Europe,GlobalConnect,1200,1.7,83,76,2
13-06-2024,Asia-Pacific,OceanExpress,2100,4.1,84.7,91,12
13-06-2024,North America,ReliableLogistics,900,1.3,81.6,59,2
14-06-2024,North America,FastShip,1610,2,81.9,83,3
14-06-2024,Europe,GlobalConnect,1330,1.6,83.3,73,1
14-06-2024,Asia-Pacific,OceanExpress,2370,5,85,94,20
14-06-2024,North America,ReliableLogistics,970,0.9,81.9,62,0
15-06-2024,North America,FastShip,1430,3.1,82.2,87,7
15-06-2024,Europe,GlobalConnect,1180,2.1,83.6,77,4
15-06-2024,Asia-Pacific,OceanExpress,2040,3.9,85.3,90,11
15-06-2024,North America,ReliableLogistics,880,1.5,82.2,58,3
16-06-2024,North America,FastShip,1530,2.6,82.5,85,5
16-06-2024,Europe,GlobalConnect,1230,1.5,83.9,75,2
16-06-2024,Asia-Pacific,OceanExpress,2170,4.4,85.6,92,14
16-06-2024,North America,ReliableLogistics,910,1.1,82.5,60,1
17-06-2024,North America,FastShip,1470,2.9,82.8,86,6
17-06-2024,Europe,GlobalConnect,1270,1.4,84.2,74,3
17-06-2024,Asia-Pacific,OceanExpress,2270,4.7,85.9,93,16
17-06-2024,North America,ReliableLogistics,930,1,82.8,61,0
18-06-2024,North America,FastShip,1570,2.2,83.1,84,4
18-06-2024,Europe,GlobalConnect,1190,1.8,84.5,76,2
18-06-2024,Asia-Pacific,OceanExpress,2090,4.2,86.2,91,13
18-06-2024,North America,ReliableLogistics,890,1.3,83.1,59,2
19-06-2024,North America,FastShip,1610,2,83.4,83,3
19-06-2024,Europe,GlobalConnect,1310,1.6,84.8,73,1
19-06-2024,Asia-Pacific,OceanExpress,2340,4.9,86.5,94,18
19-06-2024,North America,ReliableLogistics,960,0.9,83.4,62,0
20-06-2024,North America,FastShip,1420,3.1,83.7,87,7
20-06-2024,Europe,GlobalConnect,1160,2.1,85.1,77,4
20-06-2024,Asia-Pacific,OceanExpress,2030,3.9,86.8,90,10
20-06-2024,North America,ReliableLogistics,870,1.5,83.7,58,3
21-06-2024,North America,FastShip,1540,2.6,84,85,5
21-06-2024,Europe,GlobalConnect,1240,1.5,85.4,75,2
21-06-2024,Asia-Pacific,OceanExpress,2180,4.4,87.1,92,14
21-06-2024,North America,ReliableLogistics,920,1.1,84,60,1
22-06-2024,North America,FastShip,1490,2.9,84.3,86,6
22-06-2024,Europe,GlobalConnect,1290,1.4,85.7,74,3
22-06-2024,Asia-Pacific,OceanExpress,2280,4.7,87.4,93,17
22-06-2024,North America,ReliableLogistics,940,1,84.3,61,0
23-06-2024,North America,FastShip,1590,2.2,84.6,84,4
23-06-2024,Europe,GlobalConnect,1200,1.7,86,76,2
23-06-2024,Asia-Pacific,OceanExpress,2100,4.1,87.7,91,12
23-06-2024,North America,ReliableLogistics,900,1.3,84.6,59,2
24-06-2024,North America,FastShip,1610,2,84.9,83,3
24-06-2024,Europe,GlobalConnect,1330,1.6,86.3,73,1
24-06-2024,Asia-Pacific,OceanExpress,2370,5,88,94,19
24-06-2024,North America,ReliableLogistics,970,0.9,84.9,62,0
25-06-2024,North America,FastShip,1430,3.1,85.2,87,7
25-06-2024,Europe,GlobalConnect,1180,2.1,86.6,77,4
25-06-2024,Asia-Pacific,OceanExpress,2040,3.9,88.3,90,10
25-06-2024,North America,ReliableLogistics,880,1.5,85.2,58,3
